{
  "scene": "unitree_g1/scene.xml",
  "clip_joint_names": [
    "left_hip_pitch_joint",
    "right_hip_pitch_joint",
    "waist_yaw_joint",
    "left_hip_roll_joint",
    "right_hip_roll_joint",
    "waist_roll_joint",
    "left_hip_yaw_joint",
    "right_hip_yaw_joint",
    "waist_pitch_joint",
    "left_knee_joint",
    "right_knee_joint",
    "left_shoulder_pitch_joint",
    "right_shoulder_pitch_joint",
    "left_ankle_pitch_joint",
    "right_ankle_pitch_joint",
    "left_shoulder_roll_joint",
    "right_shoulder_roll_joint",
    "left_ankle_roll_joint",
    "right_ankle_roll_joint",
    "left_shoulder_yaw_joint",
    "right_shoulder_yaw_joint",
    "left_elbow_joint",
    "right_elbow_joint",
    "left_wrist_roll_joint",
    "right_wrist_roll_joint",
    "left_wrist_pitch_joint",
    "right_wrist_pitch_joint",
    "left_wrist_yaw_joint",
    "right_wrist_yaw_joint"
  ],
  "stiffness": [
    40.17923847137318,
    40.17923847137318,
    40.17923847137318,
    99.09842777666113,
    99.09842777666113,
    28.50124619574858,
    40.17923847137318,
    40.17923847137318,
    28.50124619574858,
    99.09842777666113,
    99.09842777666113,
    14.25062309787429,
    14.25062309787429,
    28.50124619574858,
    28.50124619574858,
    14.25062309787429,
    14.25062309787429,
    28.50124619574858,
    28.50124619574858,
    14.25062309787429,
    14.25062309787429,
    14.25062309787429,
    14.25062309787429,
    14.25062309787429,
    14.25062309787429,
    16.77832748089279,
    16.77832748089279,
    16.77832748089279,
    16.77832748089279
  ],
  "damping": [
    2.5578897650279457,
    2.5578897650279457,
    2.5578897650279457,
    6.3088018534966395,
    6.3088018534966395,
    1.814445686584846,
    2.5578897650279457,
    2.5578897650279457,
    1.814445686584846,
    6.3088018534966395,
    6.3088018534966395,
    0.907222843292423,
    0.907222843292423,
    1.814445686584846,
    1.814445686584846,
    0.907222843292423,
    0.907222843292423,
    1.814445686584846,
    1.814445686584846,
    0.907222843292423,
    0.907222843292423,
    0.907222843292423,
    0.907222843292423,
    0.907222843292423,
    0.907222843292423,
    1.06814150219,
    1.06814150219,
    1.06814150219,
    1.06814150219
  ],
  "default_joint_pos": [
    -0.28,
    0,
    0,
    0.5,
    -0.23,
    0,
    -0.28,
    0,
    0,
    0.5,
    -0.23,
    0,
    0,
    0,
    0,
    0.35,
    0.16,
    0,
    0.87,
    0,
    0,
    0,
    0.35,
    -0.16,
    0,
    0.87,
    0,
    0,
    0
  ],
  "default_root_pos": [
    0,
    0,
    0.78
  ],
  "default_root_quat": [
    1,
    0,
    0,
    0
  ]
}
